id,first_name,last_name,email,gender,ip_address
1,Helenelizabeth,Organer,horganer0@theguardian.com,Female,23.140.218.226
2,Orson,Whittlesey,owhittlesey1@vistaprint.com,Male,63.175.92.126
3,Gordon,Maundrell,gmaundrell2@gov.uk,Male,66.42.89.29
4,Boyce,Brittlebank,bbrittlebank3@php.net,Male,185.60.50.2
5,Zahara,Durrans,zdurrans4@wp.com,Female,202.115.162.145
6,Abe,Rowden,arowden5@facebook.com,Male,156.24.15.150
7,Oran,Rippin,orippin6@linkedin.com,Male,66.117.92.226
8,Flora,Bulteel,fbulteel7@amazon.com,Female,68.50.130.64
9,Leo,MacDougal,lmacdougal8@ow.ly,Male,119.4.105.188
10,Douglass,Creighton,dcreighton9@printfriendly.com,Male,244.72.201.73
11,Ham,Rignoldes,hrignoldesa@mozilla.org,Male,93.202.144.54
12,Nannie,Colecrough,ncolecroughb@unc.edu,Female,9.70.199.184
13,Rafaellle,Jentges,rjentgesc@deviantart.com,Male,37.229.26.183
14,Addy,Smeed,asmeedd@adobe.com,Female,53.212.1.115
15,Cort,Risley,crisleye@theguardian.com,Male,107.239.191.167
16,Dre,Schechter,dschechterf@ehow.com,Female,199.167.249.162
17,Myrlene,Edards,medardsg@mac.com,Female,126.114.195.135
18,Vina,Folliss,vfollissh@google.com.hk,Female,51.195.89.93
19,Winny,Siemens,wsiemensi@europa.eu,Female,98.108.121.38
20,Javier,Jepson,jjepsonj@about.com,Male,144.55.255.109
21,Arnie,Arunowicz,aarunowiczk@meetup.com,Male,36.199.139.158
22,Shayna,Borless,sborlessl@ox.ac.uk,Female,3.109.235.214
23,Robert,Rumbold,rrumboldm@51.la,Male,127.142.222.189
24,Andrea,Dessent,adessentn@hugedomains.com,Female,97.243.165.105
25,Sollie,Lautie,slautieo@ox.ac.uk,Male,102.65.95.28
26,Cash,Bane,cbanep@posterous.com,Male,24.237.132.173
27,Emanuele,Cudiff,ecudiffq@surveymonkey.com,Male,93.156.243.171
28,Ryon,Chang,rchangr@jalbum.net,Male,76.29.168.207
29,Maximilianus,Gellan,mgellans@mysql.com,Male,246.210.232.233
30,Lauritz,Peacher,lpeachert@youku.com,Male,231.73.150.220
31,Zorine,Quartley,zquartleyu@spiegel.de,Female,70.26.181.218
32,Zsazsa,Berthome,zberthomev@marketwatch.com,Female,145.141.60.141
33,Lynett,Kinsley,lkinsleyw@nih.gov,Female,200.249.157.109
34,Deane,Frede,dfredex@google.es,Male,230.83.137.224
35,Pasquale,Furlow,pfurlowy@friendfeed.com,Male,80.244.108.196
36,Lauryn,Lohrensen,llohrensenz@ycombinator.com,Female,107.131.119.58
37,North,Hardesty,nhardesty10@livejournal.com,Male,247.145.54.126
38,Wynn,Scudders,wscudders11@va.gov,Male,100.160.197.31
39,Wilow,Insworth,winsworth12@princeton.edu,Female,185.91.197.122
40,Silva,Boissier,sboissier13@freewebs.com,Female,96.176.36.196
41,Guss,Brewse,gbrewse14@homestead.com,Male,1.143.175.21
42,Melly,Fouracre,mfouracre15@dell.com,Female,60.218.225.119
43,Richmound,Talby,rtalby16@usa.gov,Male,6.60.55.58
44,Gar,Kment,gkment17@dagondesign.com,Male,50.148.93.115
45,Dari,Pellew,dpellew18@telegraph.co.uk,Female,184.158.150.219
46,Dana,Battershall,dbattershall19@newyorker.com,Female,65.152.159.201
47,Allix,Darlow,adarlow1a@independent.co.uk,Female,161.67.223.89
48,Flss,Di Maggio,fdimaggio1b@wordpress.org,Female,20.101.228.26
49,Derry,Bartholin,dbartholin1c@ft.com,Male,37.85.26.29
50,Nicolle,Olyfat,nolyfat1d@ucsd.edu,Female,194.149.178.159
51,Honor,Rogerson,hrogerson1e@godaddy.com,Female,27.47.28.52
52,Jeremy,McLaughlin,jmclaughlin1f@virginia.edu,Male,97.212.149.102
53,Cinnamon,Boss,cboss1g@ft.com,Female,211.243.70.170
54,Geordie,Artingstall,gartingstall1h@ustream.tv,Male,167.169.57.117
55,Brenden,Matushevich,bmatushevich1i@oakley.com,Male,99.71.192.69
56,Osgood,Franzen,ofranzen1j@bbb.org,Male,235.151.54.160
57,Matthieu,Brugemann,mbrugemann1k@discovery.com,Male,224.133.174.80
58,Saleem,Marciek,smarciek1l@omniture.com,Male,6.38.137.81
59,Sibel,McGill,smcgill1m@msu.edu,Female,30.142.183.194
60,Hamel,Poff,hpoff1n@facebook.com,Male,73.7.205.59
61,Sammy,Gisburne,sgisburne1o@jiathis.com,Female,138.48.140.52
62,Tilly,Ginsie,tginsie1p@phoca.cz,Female,71.173.253.84
63,Westbrook,Mullally,wmullally1q@timesonline.co.uk,Male,130.84.26.34
64,Mehetabel,Baudacci,mbaudacci1r@vistaprint.com,Female,171.239.73.28
65,Garey,Breukelman,gbreukelman1s@spotify.com,Male,218.149.136.195
66,Lynde,Josefs,ljosefs1t@cornell.edu,Female,49.246.91.72
67,Sammy,Yearne,syearne1u@de.vu,Male,185.131.97.35
68,Zolly,Setterfield,zsetterfield1v@phpbb.com,Male,191.61.89.84
69,Les,Drake,ldrake1w@blogs.com,Male,109.36.59.109
70,Karlyn,Mellody,kmellody1x@craigslist.org,Female,108.166.240.92
71,Trenton,Anscott,tanscott1y@cloudflare.com,Male,205.186.116.212
72,Reider,Sains,rsains1z@msu.edu,Male,25.72.209.51
73,Zebadiah,Askaw,zaskaw20@qq.com,Male,13.254.106.27
74,Sean,Cinnamond,scinnamond21@fc2.com,Female,19.242.125.44
75,Tiphany,Pollack,tpollack22@360.cn,Female,89.60.41.158
76,Noak,Digweed,ndigweed23@nature.com,Male,7.56.98.219
77,Mufi,Blanch,mblanch24@ocn.ne.jp,Female,102.96.204.190
78,Luca,Catenot,lcatenot25@creativecommons.org,Male,160.166.232.97
79,Buffy,Harries,bharries26@oracle.com,Female,186.1.242.185
80,Shannon,Montford,smontford27@slideshare.net,Male,217.153.122.249
81,Elspeth,Beagin,ebeagin28@lulu.com,Female,2.187.36.90
82,Hailey,Chipman,hchipman29@xing.com,Male,130.140.87.134
83,Matt,Byrcher,mbyrcher2a@europa.eu,Male,37.183.85.10
84,Van,Ditt,vditt2b@ehow.com,Female,30.150.210.115
85,Ilaire,Cracie,icracie2c@netscape.com,Male,66.130.158.228
86,Cecilia,MacCarlich,cmaccarlich2d@china.com.cn,Female,42.113.118.113
87,Hoyt,Gorcke,hgorcke2e@sitemeter.com,Male,127.104.190.225
88,Margeaux,Corsan,mcorsan2f@hibu.com,Female,112.255.248.166
89,Sallyanne,Hedgeman,shedgeman2g@columbia.edu,Female,63.11.193.69
90,Olenolin,Buddell,obuddell2h@spiegel.de,Male,175.215.33.109
91,Erastus,Olivet,eolivet2i@dmoz.org,Male,108.129.234.221
92,Mahala,Baily,mbaily2j@altervista.org,Female,165.246.30.67
93,Davis,Scholz,dscholz2k@ezinearticles.com,Male,35.153.142.1
94,Jane,Pingston,jpingston2l@bbb.org,Female,98.253.161.151
95,Avery,Devin,adevin2m@dyndns.org,Male,8.27.106.42
96,Gilberto,Burgum,gburgum2n@answers.com,Male,153.80.176.87
97,Lian,Reynish,lreynish2o@gravatar.com,Female,251.179.55.94
98,Eva,Humerstone,ehumerstone2p@printfriendly.com,Female,229.10.253.240
99,Ennis,Ladyman,eladyman2q@networkadvertising.org,Male,112.190.154.172
100,Ardella,Oldknowe,aoldknowe2r@trellian.com,Female,63.167.159.233
